Id,SalePrice
1461,1.1253697076e+05
1462,1.6012042635e+05
1463,1.8677047883e+05
1464,1.9706795810e+05
1465,2.0591704195e+05
1466,1.7045186212e+05
1467,1.7449264676e+05
1468,1.5692401663e+05
1469,2.1220716441e+05
1470,1.1529736079e+05
1471,1.5559918048e+05
1472,9.7521340114e+04
1473,9.3308887894e+04
1474,1.4597870463e+05
1475,1.0593377981e+05
1476,3.7549156840e+05
1477,2.6233117026e+05
1478,3.1242424936e+05
1479,3.0508902473e+05
1480,4.8542205599e+05
1481,3.0962630056e+05
1482,2.0516559572e+05
1483,1.7672451943e+05
1484,1.6183112978e+05
1485,1.7849404628e+05
1486,1.8876157288e+05
1487,3.3638019989e+05
1488,2.1943090721e+05
1489,2.0302350480e+05
1490,2.5669557518e+05
1491,2.0154824509e+05
1492,1.0320120558e+05
1493,1.8674072495e+05
1494,3.0496631852e+05
1495,2.8897114179e+05
1496,2.4494574468e+05
1497,1.7575182861e+05
1498,1.7655379751e+05
1499,1.6291113497e+05
1500,1.4936695539e+05
1501,1.9501502991e+05
1502,1.3248068089e+05
1503,3.5958533595e+05
1504,2.3400503363e+05
1505,2.2457820000e+05
1506,1.9258402482e+05
1507,2.5753379244e+05
1508,1.9601121705e+05
1509,1.5478333590e+05
1510,1.4368402478e+05
1511,1.6081307422e+05
1512,1.7489272142e+05
1513,1.5032519063e+05
1514,1.6889500105e+05
1515,2.0793301192e+05
1516,1.5110130178e+05
1517,1.8309115759e+05
1518,1.2211420293e+05
1519,2.2125492816e+05
1520,1.1863466712e+05
1521,1.3409255359e+05
1522,1.8833701575e+05
1523,1.1211099366e+05
1524,1.2398556495e+05
1525,1.1517261919e+05
1526,1.0402665474e+05
1527,1.0234864632e+05
1528,1.3018947067e+05
1529,1.6125533447e+05
1530,2.1143859555e+05
1531,1.3028802572e+05
1532,9.2314087376e+04
1533,1.6686061829e+05
1534,1.2764385127e+05
1535,1.5052250472e+05
1536,9.2185544708e+04
1537,4.5613814281e+04
1538,1.5190640267e+05
1539,2.0663589895e+05
1540,1.1812942281e+05
1541,1.4237349415e+05
1542,1.6696053183e+05
1543,1.8787738773e+05
1544,7.5522682387e+04
1545,1.2015427753e+05
1546,1.3812617375e+05
1547,1.3683594024e+05
1548,1.5178949149e+05
1549,1.2673980112e+05
1550,1.4371500161e+05
1551,1.0438970001e+05
1552,1.5393940007e+05
1553,1.5689020349e+05
1554,1.1347452809e+05
1555,1.5711193780e+05
1556,5.7482873591e+04
1557,1.4048977889e+05
1558,1.0711473462e+05
1559,6.0508552142e+04
1560,1.1670534838e+05
1561,1.5127243063e+05
1562,1.3153045574e+05
1563,1.2865291822e+05
1564,1.6243800491e+05
1565,1.5801720741e+05
1566,2.2822860971e+05
1567,7.1818227200e+04
1568,2.1981050849e+05
1569,1.3496789717e+05
1570,1.2606350146e+05
1571,8.2088781145e+04
1572,1.5050081373e+05
1573,2.6789139187e+05
1574,1.3538639035e+05
1575,2.3279101871e+05
1576,2.2964622854e+05
1577,1.8186936124e+05
1578,1.5767379159e+05
1579,1.3338204931e+05
1580,1.8940740825e+05
1581,1.5390200193e+05
1582,1.3429321099e+05
1583,2.8213098715e+05
1584,2.1998849630e+05
1585,1.3296863434e+05
1586,8.2016097449e+04
1587,1.0374132909e+05
1588,1.5259723591e+05
1589,1.0501044092e+05
1590,1.2273771367e+05
1591,8.9792910360e+04
1592,1.2732126438e+05
1593,1.2800509475e+05
1594,1.4838744028e+05
1595,1.1725963066e+05
1596,2.3065124538e+05
1597,2.1021228130e+05
1598,2.1258976745e+05
1599,1.9416381911e+05
1600,1.7205754055e+05
1601,5.0730245381e+04
1602,1.2921351850e+05
1603,3.7842363965e+04
1604,2.7300869382e+05
1605,2.2409650655e+05
1606,1.4828223893e+05
1607,1.6760977965e+05
1608,1.9971645832e+05
1609,1.8976900099e+05
1610,1.4979151485e+05
1611,1.2687224162e+05
1612,1.8618410697e+05
1613,1.6336836304e+05
1614,1.3694319199e+05
1615,9.6419973899e+04
1616,7.3151827379e+04
1617,8.4862926830e+04
1618,1.3566139949e+05
1619,1.4322117370e+05
1620,1.8859037330e+05
1621,1.3031896807e+05
1622,1.5084631249e+05
1623,2.5505463650e+05
1624,1.9825259784e+05
1625,1.1630556401e+05
1626,1.6710182917e+05
1627,1.9088016104e+05
1628,2.7602495997e+05
1629,1.7753934864e+05
1630,3.6634083461e+05
1631,2.5448560798e+05
1632,2.5126430176e+05
1633,1.7181787626e+05
1634,1.8161107981e+05
1635,1.6942386047e+05
1636,1.4542660734e+05
1637,2.0082782164e+05
1638,1.7804789284e+05
1639,1.8221606650e+05
1640,2.3584652226e+05
1641,1.8112439052e+05
1642,2.5084632324e+05
1643,2.1874243930e+05
1644,2.3635891064e+05
1645,2.1732808357e+05
1646,1.5598587342e+05
1647,1.5556365707e+05
1648,1.2759422874e+05
1649,1.2565777262e+05
1650,1.0556102312e+05
1651,1.1249676536e+05
1652,9.8059377402e+04
1653,9.4237933427e+04
1654,1.4501127308e+05
1655,1.2091772489e+05
1656,1.4068751174e+05
1657,1.5448864651e+05
1658,1.4601332159e+05
1659,1.2671294267e+05
1660,1.4843476497e+05
1661,4.3985368049e+05
1662,3.8644984743e+05
1663,3.8700042625e+05
1664,5.3519325162e+05
1665,3.3346968969e+05
1666,3.2358015895e+05
1667,3.7928489665e+05
1668,3.6080033266e+05
1669,3.1902681541e+05
1670,3.6359012115e+05
1671,2.6989871800e+05
1672,4.0909150504e+05
1673,2.8983022854e+05
1674,2.4675027975e+05
1675,2.0334648342e+05
1676,2.0670807034e+05
1677,2.1636502879e+05
1678,4.7392339438e+05
1679,3.8833209468e+05
1680,3.4291804110e+05
1681,2.8104667232e+05
1682,3.2023850385e+05
1683,1.9183819994e+05
1684,1.6875403447e+05
1685,1.6933207675e+05
1686,1.6136101838e+05
1687,1.6174020991e+05
1688,1.8109316042e+05
1689,1.8514710617e+05
1690,1.8723749784e+05
1691,1.7592185211e+05
1692,2.4813366454e+05
1693,1.6961454942e+05
1694,1.8190470255e+05
1695,1.6764953961e+05
1696,2.6344618621e+05
1697,1.7664406570e+05
1698,3.4102786748e+05
1699,3.3352218903e+05
1700,2.7199408101e+05
1701,2.7990291413e+05
1702,2.3671376783e+05
1703,2.2901073124e+05
1704,2.6891624581e+05
1705,2.4069496788e+05
1706,1.9287846158e+05
1707,2.2509493086e+05
1708,2.0325456847e+05
1709,2.4710998430e+05
1710,2.2011575411e+05
1711,2.6787869137e+05
1712,2.5433443301e+05
1713,2.8224498424e+05
1714,2.2818061573e+05
1715,2.0932477551e+05
1716,1.8692331661e+05
1717,1.7515660987e+05
1718,1.5332664831e+05
1719,2.2609792191e+05
1720,2.5437694743e+05
1721,1.4692886034e+05
1722,1.1739542504e+05
1723,1.4977459960e+05
1724,2.1931996160e+05
1725,2.4288207987e+05
1726,1.8678309661e+05
1727,1.5170967396e+05
1728,1.5341212478e+05
1729,1.7404378758e+05
1730,1.6917470299e+05
1731,1.1033052839e+05
1732,1.3231614209e+05
1733,1.1668721039e+05
1734,1.2129332605e+05
1735,9.0668340503e+04
1736,9.4332921611e+04
1737,2.8577373508e+05
1738,2.6407351470e+05
1739,2.4721172061e+05
1740,2.1837898403e+05
1741,1.9035304700e+05
1742,1.7839294890e+05
1743,1.7001202021e+05
1744,3.6170865300e+05
1745,2.2122122268e+05
1746,1.9112317830e+05
1747,2.2087450465e+05
1748,2.2563701795e+05
1749,1.3384296436e+05
1750,1.3401124068e+05
1751,2.3123036626e+05
1752,1.0614008973e+05
1753,1.5671479457e+05
1754,1.9647605005e+05
1755,1.7008899353e+05
1756,1.4322264166e+05
1757,1.1831862410e+05
1758,1.4505077139e+05
1759,1.5933810422e+05
1760,1.6119060754e+05
1761,1.5297322513e+05
1762,1.8568614311e+05
1763,1.8629222601e+05
1764,1.1461612475e+05
1765,1.8547386524e+05
1766,1.8613295883e+05
1767,2.2780934501e+05
1768,1.3997249909e+05
1769,1.6188967708e+05
1770,1.4737570591e+05
1771,1.2105863574e+05
1772,1.3291477150e+05
1773,1.0931672304e+05
1774,1.5477067171e+05
1775,1.4041222009e+05
1776,1.3038633011e+05
1777,1.0886986819e+05
1778,1.4616085562e+05
1779,1.3654544119e+05
1780,1.5484254238e+05
1781,1.2688228228e+05
1782,7.4374468966e+04
1783,1.4221433638e+05
1784,9.4594276799e+04
1785,1.4018490679e+05
1786,1.0724608402e+05
1787,1.4846021996e+05
1788,4.9047333801e+04
1789,1.0354887012e+05
1790,6.5852312647e+04
1791,1.9954449444e+05
1792,1.6827986448e+05
1793,1.3904054070e+05
1794,1.6288387914e+05
1795,1.3374450243e+05
1796,1.3172544624e+05
1797,1.1907540849e+05
1798,1.2250852770e+05
1799,9.8419528978e+04
1800,1.2274949817e+05
1801,1.2371262233e+05
1802,1.0353300602e+05
1803,1.5962669710e+05
1804,1.2089563699e+05
1805,1.2906618436e+05
1806,1.2974186300e+05
1807,1.4273939531e+05
1808,1.1802031923e+05
1809,1.3219747388e+05
1810,1.4063371341e+05
1811,1.5361566751e+05
1812,1.1210318215e+05
1813,1.4451110355e+05
1814,9.7362341429e+04
1815,5.6211685403e+04
1816,9.9883496532e+04
1817,1.0591466436e+05
1818,1.6591073239e+05
1819,1.3804065410e+05
1820,2.8694735045e+04
1821,1.0200881105e+05
1822,1.5255523133e+05
1823,2.6798301974e+04
1824,1.2820542915e+05
1825,1.4676960855e+05
1826,1.0000193956e+05
1827,1.0616973777e+05
1828,1.4211017390e+05
1829,1.2757249574e+05
1830,1.5281182586e+05
1831,1.6053060522e+05
1832,3.0952743508e+04
1833,1.4746755452e+05
1834,1.2008378216e+05
1835,1.2648602320e+05
1836,1.3894036099e+05
1837,8.2005991239e+04
1838,1.2035913055e+05
1839,1.1140019442e+05
1840,1.5104436183e+05
1841,1.3058510208e+05
1842,6.8528645135e+04
1843,1.4487925128e+05
1844,1.4184357045e+05
1845,1.3932506122e+05
1846,1.5726647253e+05
1847,1.6407355480e+05
1848,4.2660535564e+04
1849,1.0400490786e+05
1850,1.0696325419e+05
1851,1.4505583496e+05
1852,1.0685581914e+05
1853,1.1648305819e+05
1854,1.6974933104e+05
1855,1.6190153000e+05
1856,2.1942832439e+05
1857,1.2985880027e+05
1858,1.4758604498e+05
1859,1.0030905223e+05
1860,1.4259146392e+05
1861,1.0818399845e+05
1862,3.0338945164e+05
1863,2.9139883934e+05
1864,2.9142544262e+05
1865,3.6712880755e+05
1866,3.4480930293e+05
1867,2.1176347404e+05
1868,2.8835010757e+05
1869,2.0633096381e+05
1870,2.1903171276e+05
1871,2.5733066212e+05
1872,1.6894090954e+05
1873,2.3953778953e+05
1874,1.4338638723e+05
1875,1.8401870076e+05
1876,2.0179210173e+05
1877,2.0951155964e+05
1878,1.9383824551e+05
1879,1.3842980546e+05
1880,1.3115393729e+05
1881,2.4597224965e+05
1882,2.3217683627e+05
1883,1.7857934951e+05
1884,2.0294400476e+05
1885,2.2629929539e+05
1886,2.8524694517e+05
1887,2.1655584747e+05
1888,2.5785741527e+05
1889,1.6441859886e+05
1890,9.3548771860e+04
1891,9.9219813521e+04
1892,1.0110750968e+05
1893,1.3119911446e+05
1894,1.1922129488e+05
1895,1.3482688030e+05
1896,1.2895446163e+05
1897,1.2092463811e+05
1898,1.0051166466e+05
1899,1.6221770412e+05
1900,1.5830780339e+05
1901,1.9435972356e+05
1902,1.8217957274e+05
1903,2.1832312051e+05
1904,1.6344299539e+05
1905,2.0244823555e+05
1906,1.7475501578e+05
1907,2.3985515264e+05
1908,1.1367051745e+05
1909,1.2822265838e+05
1910,1.2866870772e+05
1911,2.3233108766e+05
1912,3.2028096338e+05
1913,1.5094042469e+05
1914,4.3818981304e+04
1915,3.4923540091e+05
1916,5.9715226402e+04
1917,2.2358450406e+05
1918,1.3375933871e+05
1919,1.5491876395e+05
1920,1.6470083995e+05
1921,3.8450921006e+05
1922,3.4651210563e+05
1923,2.3411478451e+05
1924,2.2967091385e+05
1925,2.0525770665e+05
1926,3.8403735485e+05
1927,1.2517402766e+05
1928,1.7464153099e+05
1929,1.1821193555e+05
1930,1.2332857703e+05
1931,1.1684822473e+05
1932,1.2583151951e+05
1933,1.9983834372e+05
1934,1.9036042831e+05
1935,1.6526485516e+05
1936,2.1212732412e+05
1937,1.7583256038e+05
1938,1.6576897451e+05
1939,2.7818311076e+05
1940,2.0359167567e+05
1941,1.6933891453e+05
1942,1.5338501008e+05
1943,2.3602128672e+05
1944,3.8048072008e+05
1945,4.1806110763e+05
1946,1.5017603147e+05
1947,1.2742992608e+05
1948,1.8184079959e+05
1949,2.3885835335e+05
1950,1.8506605664e+05
1951,2.4618622103e+05
1952,2.0233248000e+05
1953,1.7826604122e+05
1954,1.8044220458e+05
1955,1.3666302232e+05
1956,2.8891790449e+05
1957,1.5830517872e+05
1958,2.4224403760e+05
1959,1.3405777649e+05
1960,9.2789929369e+04
1961,1.2391064602e+05
1962,9.4025427654e+04
1963,1.0693001446e+05
1964,1.0529525347e+05
1965,1.3436130101e+05
1966,1.4174352947e+05
1967,3.1473632415e+05
1968,4.1222825870e+05
1969,3.9690182659e+05
1970,4.0179244061e+05
1971,4.4966664592e+05
1972,3.7162518542e+05
1973,2.9337549521e+05
1974,3.4094423462e+05
1975,3.4077474238e+05
1976,2.8186217758e+05
1977,3.6649990847e+05
1978,3.4524762771e+05
1979,3.2595974638e+05
1980,2.0570343160e+05
1981,3.6022534534e+05
1982,2.1650829025e+05
1983,2.0038993503e+05
1984,1.7580353123e+05
1985,2.3024135708e+05
1986,2.0623785654e+05
1987,2.0899299462e+05
1988,1.6700915433e+05
1989,1.8541977502e+05
1990,2.0479314195e+05
1991,2.3230222349e+05
1992,2.2555184864e+05
1993,1.5827608744e+05
1994,2.3537945407e+05
1995,1.8226409339e+05
1996,2.8016415195e+05
1997,3.1580238155e+05
1998,3.2461149364e+05
1999,3.0989549696e+05
2000,3.2195543618e+05
2001,2.8765074227e+05
2002,2.4569259989e+05
2003,2.3903037104e+05
2004,2.7930054391e+05
2005,2.2107773404e+05
2006,2.2282912432e+05
2007,2.4270247668e+05
2008,2.3533354202e+05
2009,2.1128762951e+05
2010,1.9529380308e+05
2011,1.3106983680e+05
2012,1.7929178223e+05
2013,1.8204138191e+05
2014,1.8803755277e+05
2015,2.2175825524e+05
2016,1.9778885334e+05
2017,1.9980983866e+05
2018,1.0060857053e+05
2019,1.3295520745e+05
2020,7.4441114348e+04
2021,9.3352142525e+04
2022,2.1296926471e+05
2023,1.4153065051e+05
2024,2.8872736216e+05
2025,3.5671248915e+05
2026,1.6955448979e+05
2027,1.5438163456e+05
2028,1.5687775056e+05
2029,1.7521554526e+05
2030,2.5851922211e+05
2031,2.3064694736e+05
2032,2.5702883097e+05
2033,2.5087376918e+05
2034,1.7794985660e+05
2035,2.4096836426e+05
2036,1.9747047927e+05
2037,2.1922440260e+05
2038,3.2641516223e+05
2039,2.2657300150e+05
2040,3.1738783865e+05
2041,3.3700977884e+05
2042,2.0684670034e+05
2043,1.8345632330e+05
2044,1.7710709242e+05
2045,2.0394400998e+05
2046,1.6153764863e+05
2047,1.3881140502e+05
2048,1.3615869548e+05
2049,1.3646227725e+05
2050,1.6393660575e+05
2051,9.7114760534e+04
2052,1.1188347611e+05
2053,1.4474134209e+05
2054,8.8215079490e+04
2055,1.7601514064e+05
2056,1.2555714825e+05
2057,9.1679085162e+04
2058,2.1039947812e+05
2059,1.2257770149e+05
2060,1.8145379844e+05
2061,1.7158522430e+05
2062,1.2440702613e+05
2063,1.0928233608e+05
2064,1.3653717959e+05
2065,7.6264875934e+04
2066,1.6949157440e+05
2067,1.1048101332e+05
2068,1.5628361902e+05
2069,7.9538411061e+04
2070,1.1255205980e+05
2071,9.5209937129e+04
2072,1.4366865582e+05
2073,1.1816634577e+05
2074,1.9474767197e+05
2075,1.7196460487e+05
2076,1.1959809194e+05
2077,1.6407766174e+05
2078,1.3048776447e+05
2079,1.2586712383e+05
2080,1.2180782560e+05
2081,1.2589190549e+05
2082,1.3625882591e+05
2083,1.5599825685e+05
2084,1.0557605719e+05
2085,1.1537711733e+05
2086,1.0295208223e+05
2087,1.1844308960e+05
2088,1.0383186299e+05
2089,7.4772981951e+04
2090,1.1302528720e+05
2091,1.1004971691e+05
2092,1.2432470148e+05
2093,1.4938221662e+05
2094,1.1602429294e+05
2095,1.7604428306e+05
2096,7.8240375689e+04
2097,9.6727532837e+04
2098,1.6995860718e+05
2099,3.2518192725e+04
2100,5.1175019264e+04
2101,1.1604478172e+05
2102,1.2001062963e+05
2103,1.0074975370e+05
2104,1.2247175962e+05
2105,1.4101684441e+05
2106,6.0068210422e+04
2107,1.8939671080e+05
2108,1.2174788250e+05
2109,1.1614594205e+05
2110,1.1616718769e+05
2111,1.5252542346e+05
2112,1.4292742032e+05
2113,1.2063984480e+05
2114,1.1887644798e+05
2115,1.6433316814e+05
2116,1.2009078940e+05
2117,1.5021974853e+05
2118,1.2240084284e+05
2119,1.2278385706e+05
2120,9.3812152278e+04
2121,9.3091102279e+04
2122,1.2060925732e+05
2123,8.9329097944e+04
2124,1.7145967723e+05
2125,1.2387516795e+05
2126,1.5544443307e+05
2127,1.8614557388e+05
2128,1.3356653508e+05
2129,4.3428909962e+04
2130,1.4169908023e+05
2131,1.1297402032e+05
2132,1.1574062552e+05
2133,1.2805330208e+05
2134,1.1669481059e+05
2135,9.8009251494e+04
2136,6.2715273270e+04
2137,1.0535924271e+05
2138,1.2784253191e+05
2139,1.3840768780e+05
2140,1.4519108059e+05
2141,1.7310243754e+05
2142,1.2970894762e+05
2143,1.5936053364e+05
2144,1.3634798666e+05
2145,1.4228185191e+05
2146,1.9135129525e+05
2147,1.2839488613e+05
2148,1.1681750384e+05
2149,1.2968614010e+05
2150,2.3360643370e+05
2151,1.2464495357e+05
2152,1.9699290788e+05
2153,1.8397057231e+05
2154,1.0748037335e+05
2155,1.3788780930e+05
2156,2.6927118283e+05
2157,2.3572326639e+05
2158,2.4074812839e+05
2159,2.2292617250e+05
2160,1.8301242056e+05
2161,2.2602034022e+05
2162,3.8070976263e+05
2163,3.6181849647e+05
2164,2.4997203800e+05
2165,1.9892772537e+05
2166,1.5774966896e+05
2167,2.2727387248e+05
2168,1.9883871634e+05
2169,1.9214933881e+05
2170,2.1696160727e+05
2171,1.5309342531e+05
2172,1.3347324232e+05
2173,1.8861078613e+05
2174,2.2131230713e+05
2175,2.6718327974e+05
2176,3.0879981030e+05
2177,2.4083993499e+05
2178,2.0715381362e+05
2179,1.2823315795e+05
2180,2.2917947061e+05
2181,1.9200275579e+05
2182,2.2211901509e+05
2183,1.8892931240e+05
2184,1.1941829130e+05
2185,1.0859293400e+05
2186,1.8583306559e+05
2187,1.3891197279e+05
2188,1.5229732856e+05
2189,3.0143734839e+05
2190,9.3990559573e+04
2191,6.2312456961e+04
2192,7.6780344802e+04
2193,1.3342940137e+05
2194,9.8258415085e+04
2195,1.0208489053e+05
2196,1.0745047786e+05
2197,1.1456105780e+05
2198,1.6479194938e+05
2199,1.7490135894e+05
2200,1.5633101532e+05
2201,1.5795567071e+05
2202,1.9350628775e+05
2203,1.4029351446e+05
2204,1.9806533664e+05
2205,1.3514903353e+05
2206,1.5938349428e+05
2207,2.2267787295e+05
2208,2.6186946656e+05
2209,2.7456252063e+05
2210,1.2534252946e+05
2211,1.2238487994e+05
2212,1.2750478198e+05
2213,1.0756335403e+05
2214,1.3881780024e+05
2215,1.0145941512e+05
2216,1.6749032012e+05
2217,9.1763268433e+04
2218,7.2550106042e+04
2219,4.7282062477e+04
2220,1.2972752975e+04
2221,3.4990523982e+05
2222,3.0546079058e+05
2223,2.8072699461e+05
2224,2.0160065701e+05
2225,1.2226042726e+05
2226,1.8689113359e+05
2227,1.8855068214e+05
2228,2.8153555667e+05
2229,2.4811472256e+05
2230,1.5732042991e+05
2231,2.1567586852e+05
2232,1.8239558780e+05
2233,1.8273533582e+05
2234,2.4258597294e+05
2235,2.2953127365e+05
2236,2.4914882768e+05
2237,3.0777225522e+05
2238,1.9036768566e+05
2239,1.2065725751e+05
2240,1.5052674357e+05
2241,1.3500562889e+05
2242,1.2519555630e+05
2243,1.1920933029e+05
2244,1.0083415491e+05
2245,1.2202771662e+05
2246,1.3616311939e+05
2247,1.3184187986e+05
2248,1.2565129958e+05
2249,1.1348228720e+05
2250,1.2581614664e+05
2251,9.2209045726e+04
2252,1.9768203424e+05
2253,1.5788399564e+05
2254,1.7660784988e+05
2255,1.8801823380e+05
2256,1.6753964011e+05
2257,2.1694543024e+05
2258,1.4808951652e+05
2259,1.7469168826e+05
2260,1.2805344905e+05
2261,2.1957087557e+05
2262,2.4016073005e+05
2263,3.8463610497e+05
2264,4.7947825632e+05
2265,1.4822934830e+05
2266,3.2606588088e+05
2267,3.9807795971e+05
2268,4.8466139834e+05
2269,1.4676998322e+05
2270,1.8180046026e+05
2271,2.1399356104e+05
2272,1.8290491403e+05
2273,1.4956078580e+05
2274,1.8343616495e+05
2275,1.6523185122e+05
2276,2.0075706474e+05
2277,1.8371784713e+05
2278,1.5118265735e+05
2279,1.3312126462e+05
2280,1.0499397481e+05
2281,1.4156756157e+05
2282,1.6104983635e+05
2283,1.1245825074e+05
2284,1.2320793714e+05
2285,1.5243062220e+05
2286,1.2105740177e+05
2287,3.9125744777e+05
2288,2.9440191236e+05
2289,3.5315888659e+05
2290,4.4584327246e+05
2291,3.5296244545e+05
2292,4.2698971343e+05
2293,4.6790337412e+05
2294,3.8980450844e+05
2295,4.7203246403e+05
2296,2.8397383261e+05
2297,3.8685577822e+05
2298,3.7609462877e+05
2299,3.5127362407e+05
2300,3.3315123876e+05
2301,3.3320402067e+05
2302,2.6469738266e+05
2303,2.5047456658e+05
2304,2.6130485246e+05
2305,2.1337791603e+05
2306,2.0292599387e+05
2307,2.0539948595e+05
2308,2.2859923836e+05
2309,3.0644476284e+05
2310,2.1313009020e+05
2311,2.1135961106e+05
2312,1.8279706185e+05
2313,1.6715264845e+05
2314,1.8665361802e+05
2315,1.8185103780e+05
2316,1.9883101043e+05
2317,2.0118110711e+05
2318,1.8618928946e+05
2319,1.8927737128e+05
2320,1.8539778856e+05
2321,2.3653194514e+05
2322,2.0042361296e+05
2323,2.0144479040e+05
2324,1.7377676774e+05
2325,2.1227493285e+05
2326,1.6501461333e+05
2327,1.9650029445e+05
2328,2.1709142353e+05
2329,1.9082138130e+05
2330,1.8197612707e+05
2331,3.4261869918e+05
2332,3.9135713210e+05
2333,3.2523671777e+05
2334,2.7674140022e+05
2335,2.9614705067e+05
2336,3.2259305225e+05
2337,1.9963510917e+05
2338,2.5370073435e+05
2339,2.1129564657e+05
2340,3.9978713725e+05
2341,2.0138601574e+05
2342,2.2804937724e+05
2343,2.2394049736e+05
2344,2.1651624810e+05
2345,2.2398978923e+05
2346,2.1675400280e+05
2347,2.0828654084e+05
2348,2.5149851802e+05
2349,1.9908749187e+05
2350,3.0903159052e+05
2351,2.8878975217e+05
2352,2.4593589134e+05
2353,2.5556010554e+05
2354,1.7004108392e+05
2355,1.5680290881e+05
2356,1.4338749864e+05
2357,1.9376400990e+05
2358,1.9571299755e+05
2359,1.2779600610e+05
2360,1.0970155281e+05
2361,1.5764752086e+05
2362,2.6436754683e+05
2363,1.3198260916e+05
2364,1.4829676651e+05
2365,2.0297136999e+05
2366,1.8931202085e+05
2367,2.1539300357e+05
2368,2.2049345935e+05
2369,2.0904202548e+05
2370,1.6957748206e+05
2371,1.6481267804e+05
2372,1.9512484055e+05
2373,2.8891156733e+05
2374,3.1114010897e+05
2375,2.4414398169e+05
2376,2.8994711940e+05
2377,3.4494331274e+05
2378,1.5181612642e+05
2379,2.2969712278e+05
2380,1.4776045972e+05
2381,1.7213323236e+05
2382,2.0136637138e+05
2383,1.9387402241e+05
2384,2.3431648608e+05
2385,1.5259010765e+05
2386,1.3377753040e+05
2387,1.2314558098e+05
2388,1.0059841715e+05
2389,1.0472870465e+05
2390,1.4914072494e+05
2391,1.3772145703e+05
2392,1.1621632615e+05
2393,1.7504496587e+05
2394,1.4129854227e+05
2395,2.1149873962e+05
2396,1.3176946332e+05
2397,2.1547916546e+05
2398,1.2602482694e+05
2399,7.6820288812e+04
2400,6.1923008196e+04
2401,1.5025919245e+05
2402,1.3336380983e+05
2403,1.4827436067e+05
2404,1.4929664007e+05
2405,1.5111101305e+05
2406,1.4184310957e+05
2407,1.2787605467e+05
2408,1.2268156719e+05
2409,1.0561432417e+05
2410,1.8429667065e+05
2411,1.1236723738e+05
2412,1.5826633939e+05
2413,1.2074596241e+05
2414,1.7003638828e+05
2415,1.3463483561e+05
2416,1.3005367073e+05
2417,1.4309435696e+05
2418,1.3872901549e+05
2419,1.2646476762e+05
2420,1.2358253799e+05
2421,3.7937409875e+05
2422,1.0327126929e+05
2423,1.1765987409e+05
2424,1.2648877211e+05
2425,2.1733569704e+05
2426,1.3455543096e+05
2427,1.3438346262e+05
2428,1.9000531811e+05
2429,9.6414592341e+04
2430,1.2865958511e+05
2431,9.4306571780e+04
2432,1.5261075408e+05
2433,1.5160870775e+05
2434,1.4268159279e+05
2435,1.7056475379e+05
2436,1.1142242203e+05
2437,9.5497813305e+04
2438,1.1338174812e+05
2439,8.7528330455e+04
2440,1.2907112253e+05
2441,9.5277784151e+04
2442,9.1322229928e+04
2443,1.4215934499e+05
2444,1.2982420337e+05
2445,7.5553311879e+04
2446,1.3430362733e+05
2447,1.8698803741e+05
2448,1.3052807692e+05
2449,1.1039927182e+05
2450,1.6117772812e+05
2451,1.1081425353e+05
2452,2.0310249576e+05
2453,9.7854473801e+04
2454,1.1320344165e+05
2455,1.0943576656e+05
2456,1.6701099952e+05
2457,1.5184066667e+05
2458,1.4142729912e+05
2459,1.1930629409e+05
2460,1.4022940796e+05
2461,1.2840116388e+05
2462,1.2624879541e+05
2463,1.2763676996e+05
2464,1.9796370732e+05
2465,1.3943062473e+05
2466,1.1438508841e+05
2467,1.0674479802e+05
2468,8.8075462196e+04
2469,9.1577934345e+04
2470,2.1479900602e+05
2471,2.2931283368e+05
2472,1.8584096787e+05
2473,1.3142887739e+05
2474,5.7781241019e+04
2475,2.1523535889e+05
2476,1.1419078007e+05
2477,1.1626704350e+05
2478,1.5579425036e+05
2479,9.9297650712e+04
2480,1.6381994086e+05
2481,1.2645357843e+05
2482,9.9989342732e+04
2483,1.0074156301e+05
2484,1.2413969869e+05
2485,1.2741379894e+05
2486,1.6627798025e+05
2487,1.8248521799e+05
2488,1.6672361333e+05
2489,1.5484143225e+05
2490,1.5050266335e+05
2491,8.4916227181e+04
2492,1.7896456835e+05
2493,1.4081215779e+05
2494,1.3930549128e+05
2495,6.4205443990e+04
2496,2.1754340879e+05
2497,1.6454053024e+05
2498,1.1337301964e+05
2499,8.0497997397e+04
2500,1.2013551924e+05
2501,1.4225096921e+05
2502,1.4764248415e+05
2503,1.0733929556e+05
2504,4.9795299998e+05
2505,2.2962557253e+05
2506,2.4943883787e+05
2507,2.7817611959e+05
2508,2.4588137530e+05
2509,2.0987320399e+05
2510,2.0436200573e+05
2511,1.7426357766e+05
2512,2.1553984280e+05
2513,2.1159936177e+05
2514,3.2367945079e+05
2515,1.6213750730e+05
2516,1.7018845615e+05
2517,1.5374985331e+05
2518,1.3909871440e+05
2519,2.4615264455e+05
2520,2.2121003301e+05
2521,1.8618040312e+05
2522,2.1920603362e+05
2523,1.1456704556e+05
2524,1.3403526347e+05
2525,1.7983515598e+05
2526,1.5906280297e+05
2527,1.1802720071e+05
2528,1.5348986599e+05
2529,4.0235600993e+04
2530,1.2255318562e+05
2531,2.6565621772e+05
2532,2.1949642190e+05
2533,1.9690157542e+05
2534,2.4454591399e+05
2535,2.7883634616e+05
2536,2.3158345147e+05
2537,2.5792359078e+05
2538,1.8738585466e+05
2539,1.8481185275e+05
2540,1.8459654933e+05
2541,1.7183722985e+05
2542,1.6210717917e+05
2543,1.0300843221e+05
2544,1.2018121455e+05
2545,1.2769074137e+05
2546,1.1859635074e+05
2547,1.4245315530e+05
2548,1.6197383202e+05
2549,1.5333627188e+05
2550,7.0482864091e+05
2551,1.3668325577e+05
2552,1.4315545305e+05
2553,7.6568166786e+04
2554,8.1797717936e+04
2555,1.0437118769e+05
2556,8.9694498437e+04
2557,9.9347435327e+04
2558,1.7805679892e+05
2559,1.6061343752e+05
2560,1.6473594382e+05
2561,1.5313666823e+05
2562,1.6534071627e+05
2563,1.6412537375e+05
2564,1.8707826523e+05
2565,1.6710623385e+05
2566,1.7520857176e+05
2567,1.4840549892e+05
2568,2.2949240423e+05
2569,2.3998777616e+05
2570,1.2136376626e+05
2571,2.0641059246e+05
2572,1.7722121929e+05
2573,2.3520320705e+05
2574,1.6176850021e+05
2575,1.4184727882e+05
2576,1.9576943786e+05
2577,1.5285539587e+05
2578,6.6785585502e+04
2579,4.1284293919e+04
2580,9.6646761930e+04
2581,1.2204987213e+05
2582,1.2008389914e+05
2583,2.8922583596e+05
2584,1.7489425396e+05
2585,1.7868026816e+05
2586,2.1645309101e+05
2587,2.0261656703e+05
2588,1.4368421380e+05
2589,1.4745699142e+05
2590,1.9952090490e+05
2591,2.2031110467e+05
2592,2.1977748407e+05
2593,2.4904235736e+05
2594,1.7521270946e+05
2595,2.0990895451e+05
2596,2.8475951160e+05
2597,1.9735675513e+05
2598,2.7731217214e+05
2599,4.0161197584e+05
2600,5.2669242720e+05
2601,1.2355876126e+05
2602,7.2106658930e+04
2603,9.1403146830e+04
2604,9.1385560658e+04
2605,6.9295481811e+04
2606,1.3199166633e+05
2607,2.0563501212e+05
2608,1.7618167023e+05
2609,1.4670922550e+05
2610,1.1108814208e+05
2611,2.2736149797e+05
2612,1.5260963665e+05
2613,1.1971383726e+05
2614,1.0834412757e+05
2615,1.5741209429e+05
2616,1.4791299587e+05
2617,2.1119796166e+05
2618,2.0175307770e+05
2619,2.0808657725e+05
2620,1.9276449522e+05
2621,1.7772606142e+05
2622,1.8097018492e+05
2623,2.3336298910e+05
2624,2.8588483443e+05
2625,3.0637158715e+05
2626,1.7086316910e+05
2627,1.8571884549e+05
2628,4.7517723170e+05
2629,5.0226333386e+05
2630,3.8540813411e+05
2631,4.7139447287e+05
2632,4.1891780285e+05
2633,3.2016363472e+05
2634,4.3507509133e+05
2635,1.3734886587e+05
2636,1.6413884549e+05
2637,1.9039481122e+05
2638,2.6711639184e+05
2639,1.8792873403e+05
2640,1.5311829844e+05
2641,9.5675881206e+04
2642,1.6843868120e+05
2643,1.0852478289e+05
2644,1.0455164975e+05
2645,1.0856111127e+05
2646,9.2770930352e+04
2647,9.9011531829e+04
2648,1.5253648836e+05
2649,1.4320727758e+05
2650,1.3526478330e+05
2651,1.3310856530e+05
2652,3.8940369309e+05
2653,2.6060361613e+05
2654,2.8117532984e+05
2655,4.2253535704e+05
2656,3.2944378388e+05
2657,3.7383997526e+05
2658,3.2912830443e+05
2659,3.2667905941e+05
2660,3.6274684511e+05
2661,3.7583214062e+05
2662,3.9316396504e+05
2663,2.7921044926e+05
2664,2.9812009281e+05
2665,3.3551850945e+05
2666,2.9853295537e+05
2667,1.8105315966e+05
2668,1.8791864210e+05
2669,1.9099372921e+05
2670,2.7041245872e+05
2671,1.8998515453e+05
2672,1.9471385188e+05
2673,2.0018299245e+05
2674,1.9554816527e+05
2675,1.8991528584e+05
2676,1.8637789832e+05
2677,2.0604411523e+05
2678,2.3407827270e+05
2679,2.8003102107e+05
2680,2.9276831323e+05
2681,4.1004045832e+05
2682,3.1299875891e+05
2683,4.8565565003e+05
2684,3.1796821430e+05
2685,3.3584223247e+05
2686,2.5092613966e+05
2687,2.9644781109e+05
2688,2.1459979582e+05
2689,2.1490196225e+05
2690,3.8683180963e+05
2691,2.0103017682e+05
2692,1.6497469702e+05
2693,2.1143047074e+05
2694,1.4452309856e+05
2695,2.0085958276e+05
2696,1.8541808689e+05
2697,1.9021219412e+05
2698,2.1584802114e+05
2699,1.6592706203e+05
2700,1.4062809586e+05
2701,1.2801089566e+05
2702,8.4354400396e+04
2703,1.1219337812e+05
2704,1.4489317755e+05
2705,1.0411299567e+05
2706,7.7012419866e+04
2707,9.2411384698e+04
2708,1.4254992754e+05
2709,1.1718912092e+05
2710,1.3651748705e+05
2711,4.3145502173e+05
2712,4.1329898259e+05
2713,1.6174075633e+05
2714,1.4112569894e+05
2715,1.7699426573e+05
2716,1.2844287682e+05
2717,1.8188179815e+05
2718,2.1294312187e+05
2719,1.5325361326e+05
2720,1.7408369523e+05
2721,1.2457649384e+05
2722,1.6035560713e+05
2723,1.3213569457e+05
2724,1.1985484921e+05
2725,1.2267611937e+05
2726,1.4906356135e+05
2727,1.7969475244e+05
2728,1.7001194340e+05
2729,1.4530833029e+05
2730,1.4809611805e+05
2731,1.2443665666e+05
2732,1.3677926207e+05
2733,1.5808444277e+05
2734,1.2133244699e+05
2735,1.3795202288e+05
2736,1.3263619019e+05
2737,1.2120100000e+05
2738,1.2760671149e+05
2739,1.4820923937e+05
2740,1.3718040162e+05
2741,1.3887776562e+05
2742,1.5165062254e+05
2743,1.6529330876e+05
2744,1.6571422881e+05
2745,1.3977677363e+05
2746,1.4166409436e+05
2747,1.4355783144e+05
2748,1.1121240852e+05
2749,1.2708418109e+05
2750,1.1779912984e+05
2751,1.3379703449e+05
2752,1.7091499878e+05
2753,1.5853783443e+05
2754,2.4022956294e+05
2755,1.4233807716e+05
2756,8.9565402518e+04
2757,4.8423088071e+04
2758,8.2557117912e+04
2759,1.6958644423e+05
2760,1.3424555609e+05
2761,1.3823054617e+05
2762,1.3503827960e+05
2763,1.8571939709e+05
2764,1.3697009941e+05
2765,2.7315633166e+05
2766,1.4039542720e+05
2767,8.0612779664e+04
2768,1.3180083192e+05
2769,1.4272630125e+05
2770,1.3512298354e+05
2771,9.3337520747e+04
2772,9.9663913174e+04
2773,1.7832140433e+05
2774,1.6105573305e+05
2775,1.2415922263e+05
2776,1.4652077516e+05
2777,1.5978568020e+05
2778,1.1687963188e+05
2779,1.2924066461e+05
2780,9.9284338527e+04
2781,9.3667713051e+04
2782,9.6114857942e+04
2783,1.0694674015e+05
2784,1.2954706700e+05
2785,1.3927474047e+05
2786,4.6824920706e+04
2787,1.2549760316e+05
2788,6.6110063003e+04
2789,1.6891354475e+05
2790,9.0923912689e+04
2791,1.1172542193e+05
2792,7.7112755859e+04
2793,1.5746575495e+05
2794,9.6599919221e+04
2795,1.2239356156e+05
2796,9.6420516403e+04
2797,2.5555629198e+05
2798,1.2085155344e+05
2799,1.1788696723e+05
2800,6.4892919220e+04
2801,1.1341672980e+05
2802,1.3001440510e+05
2803,1.8423661617e+05
2804,1.2300202520e+05
2805,1.0214840216e+05
2806,7.0923730309e+04
2807,2.5724891473e+05
2808,1.5504587349e+05
2809,1.2692748285e+05
2810,1.2543197604e+05
2811,1.6814789795e+05
2812,1.8016342926e+05
2813,1.5291994733e+05
2814,1.5867677857e+05
2815,1.0395487934e+05
2816,2.3093112819e+05
2817,1.4724577064e+05
2818,1.3116740382e+05
2819,1.5857661655e+05
2820,1.3505536539e+05
2821,9.9468959984e+04
2822,1.6675665019e+05
2823,3.3574533723e+05
2824,1.8692207131e+05
2825,1.4280769020e+05
2826,1.3443222382e+05
2827,1.3043495576e+05
2828,2.4367051164e+05
2829,2.0883719343e+05
2830,2.3029055226e+05
2831,1.8328100772e+05
2832,2.5233836122e+05
2833,3.2100068012e+05
2834,2.3787993811e+05
2835,2.2712157620e+05
2836,1.9550026901e+05
2837,1.5892234921e+05
2838,1.4864818625e+05
2839,1.6630063042e+05
2840,2.0988007597e+05
2841,2.0104841912e+05
2842,2.2290784963e+05
2843,1.5276334997e+05
2844,1.7603548497e+05
2845,1.2365527629e+05
2846,2.0683619774e+05
2847,2.1756994479e+05
2848,2.1125035604e+05
2849,1.9698720527e+05
2850,2.6742706700e+05
2851,2.0652471383e+05
2852,2.2723355843e+05
2853,2.2687316051e+05
2854,1.3618154028e+05
2855,2.0541685546e+05
2856,2.0299733691e+05
2857,1.9017431567e+05
2858,2.1119760513e+05
2859,7.6693151502e+04
2860,1.4254829402e+05
2861,1.2354929404e+05
2862,1.7955301148e+05
2863,1.4686876393e+05
2864,2.5676247786e+05
2865,1.4320591772e+05
2866,1.3019647500e+05
2867,9.7018823696e+04
2868,8.8102164213e+04
2869,9.3341010406e+04
2870,9.7282337292e+04
2871,5.7882912215e+04
2872,3.2230448932e+04
2873,7.6819317008e+04
2874,1.5207671005e+05
2875,1.2478256331e+05
2876,1.5956968548e+05
2877,1.5757527571e+05
2878,1.5868858026e+05
2879,1.5028578825e+05
2880,1.0912982680e+05
2881,1.4587685720e+05
2882,2.0408967550e+05
2883,2.0840060505e+05
2884,1.8250147009e+05
2885,1.8210895707e+05
2886,2.5764364029e+05
2887,1.0329784909e+05
2888,1.4739368845e+05
2889,2.9601328280e+04
2890,7.8870086149e+04
2891,1.5583797532e+05
2892,6.7249415576e+03
2893,7.2090370343e+04
2894,1.0268922167e+04
2895,3.4768895975e+05
2896,2.9015436792e+05
2897,2.2489908738e+05
2898,1.2648132718e+05
2899,2.0464207111e+05
2900,1.6108363655e+05
2901,2.2805849267e+05
2902,1.6593921179e+05
2903,3.1470385794e+05
2904,3.5497205705e+05
2905,5.8476105129e+04
2906,1.9411417265e+05
2907,1.0146428479e+05
2908,1.1068110341e+05
2909,1.2820409642e+05
2910,7.4481810674e+04
2911,7.2299462659e+04
2912,1.4854598272e+05
2913,7.3360195134e+04
2914,6.4576656364e+04
2915,8.4426908195e+04
2916,8.0570507450e+04
2917,1.7618297679e+05
2918,1.1524106844e+05
2919,2.2333805713e+05
